<?xml version="1.0" encoding="UTF-8" standalone="yes"?><Pages xmlns="http://schemas.microsoft.com/office/visio/2012/main" xmlns:r="http://schemas.openxmlformats.org/officeDocument/2006/relationships"><Page ID="0" NameU="Page-1" Name="Page-1" IsCustomName="1"><PageSheet LineStyle="0" FillStyle="0" TextStyle="0"><Cell N="DrawingSizeType" V="3"/><Cell N="DrawingResizeType" V="2"/><Cell N="PageWidth" V="23.001968503937007"/><Cell N="PageHeight" V="15.728346456692915"/><Cell N="PageScale" V="1"/><Cell N="DrawingScale" V="1"/><Section N="Layer"><Row IX="0"><Cell N="Name" V="Background"/><Cell N="Color" V="255"/><Cell N="Status" V="0"/><Cell N="Visible" V="1"/><Cell N="Print" V="1"/><Cell N="Active" V="0"/><Cell N="Lock" V="0"/><Cell N="Snap" V="1"/><Cell N="Glue" V="1"/><Cell N="NameUniv" V="Background"/><Cell N="ColorTrans" V="0"/></Row></Section></PageSheet><Rel r:id="rId1"/></Page></Pages>